N,policy,threads,receivers,rate,traced,repeats,saturated,x,batch_n,batch_mean_us,batch_std_us,batch_min_us,batch_max_us,frame_n,frame_mean_us,frame_std_us,frame_min_us,frame_max_us,edf_miss_ratio,lost_records
1024,edf,2,1,2500000.0,True,3,False,0.2149832089712802,60438,82.39700142294583,10.981406209755725,54.925,468.719,25734,350.6601207740732,186.93847631401144,164.746,793.767,0.0,864719214
1024,edf,6,3,2500000.0,True,3,False,0.2860696156181932,103492,177.0941139411742,63.74564644662346,59.434,2493.72,77202,503.18301740887534,206.7550951524674,180.836,5410.973,1.1019092939752322e-05,1331779373
1024,edf,1,1,2500000.0,True,3,False,0.3428385040927604,111615,73.83611142767549,31.607339189975193,52.512,370.921,25734,309.5503792259268,179.81185950487665,158.325,830.308,0.0,297997189
1024,edf,2,1,5000000.0,True,3,False,0.4684577110762435,174138,88.3544746063467,49.79058697916978,54.263,2342.005,51468,284.61985723167794,91.99356698170321,166.626,941.812,7.04438739277111e-05,658613077
1024,edf,6,3,5000000.0,True,3,False,0.5568253166048595,312226,232.58925975415247,91.60415116022133,62.202,3330.92,154404,494.28101813424524,268.9312533186604,194.587,12060.627,0.00010339366531969677,1067036265
1024,edf,2,3,2500000.0,True,3,False,0.6717545814166667,382525,365.87975565518593,86.93288447056186,114.66,1109.497,77202,742.1576449573845,346.04562630852917,233.758,10041.039,0.0,252586395
1024,edf,1,1,5000000.0,True,3,False,0.6755291729833335,292969,74.62561319115673,31.876714680506414,51.288,454.82,51468,241.86595820704127,84.30447765874568,157.625,464.166,2.781144864701581e-06,192361348
1024,edf,6,2,10000000.0,True,3,False,0.7366493432148608,619718,597.9702721350678,2465.2916427330983,69.577,31670.688,205866,545.8082012668435,490.8938231618732,200.506,8865.938,0.0020349663254610245,1173911956
1024,edf,1,1,20000000.0,True,3,True,0.9217908305333334,,,,,,71813,2304.598364794675,165.16898718876337,1811.57,3596.791,0.09216686775131093,227637729
1024,edf,1,1,10000000.0,True,3,True,0.9260084882333334,24131,25119106.906347435,112037.31615339222,24882292.311,25345349.645,72116,2251.5552440096512,158.80737087216625,1779.28,3471.028,0.0018068233221846962,225140106
1024,edf,1,3,2500000.0,True,3,True,0.92934950545,439452,2785936.0597778163,345010.03910006944,2048983.361,3466741.386,72926,1371.4178376710636,444.26323329597705,699.084,3190.368,9.059019512121471e-06,133503004
1024,edf,2,4,2500000.0,True,3,True,0.9457219446752915,332136,4061150.3080092636,1122328.0524118408,2312818.103,5916487.09,94225,14711.556242175642,452.87657724099336,13218.808,20561.146,2.6703919837719558e-05,492256367
1024,rm,2,1,2500000.0,True,3,False,0.25984648938328886,21795,66.41747744895619,8.184771993330397,54.389,431.139,25734,327.1860967591513,188.0400059571767,161.126,794.747,,3493277345
1024,rm,6,3,2500000.0,True,3,False,0.28355737881231385,66423,94.71285776011321,42.367721103457384,50.858,2833.768,77202,394.04002339317634,197.46767894651938,165.626,6812.581,,10339449940
1024,rm,1,1,2500000.0,True,3,False,0.3335498780996094,28997,100.70858923336898,33.47217323468729,76.205,500.259,25734,353.1975865392088,179.9354114521667,197.086,837.628,,1342049539
1024,rm,2,1,5000000.0,True,3,False,0.5148973399009279,55090,65.64298353603196,5.868943705927745,52.324,268.336,51468,260.2144470350509,92.67125767772839,159.535,604.541,,2824692328
1024,rm,6,3,5000000.0,True,3,False,0.5831259278814863,164223,172.5302871035117,115.1815477765825,54.933,5806.237,154404,364.05804273205354,128.7902372446399,168.846,7912.747,,8367829111
1024,rm,1,1,5000000.0,True,3,False,0.6631381761830532,107759,117.39941985356212,49.10819246553355,75.801,1348.176,51468,290.68153885909686,86.85529439262145,196.067,1272.053,,690659796
1024,rm,1,3,2500000.0,True,3,True,0.7404410854792661,,,,,,37594,9417.394959036017,13054.483072814188,281.019,40496.004,,1597929513
1024,rm,1,1,20000000.0,True,3,True,0.7456205130132028,,,,,,57203,6014.365558694474,171.02371572179922,5507.146,7989.03,,1050511539
1024,rm,1,1,10000000.0,True,3,True,0.7456254879826184,,,,,,57707,5962.181740516749,178.64752636717776,5493.235,7621.948,,1050512488
1024,rm,6,2,10000000.0,True,3,False,0.781768046158989,286050,548.1981073169026,1863.8655022962962,57.7,30640.622,205866,528.2597127548988,619.6429991487595,186.036,15067.491,,7071004018
1024,rm,2,3,2500000.0,True,3,False,0.813972434471979,90525,1667570.289236443,2637616.6081050658,86.712,8957434.199,73474,5234.260664724937,6967.864741068804,219.948,84233.378,,2100280655
1024,rm,2,4,2500000.0,True,3,True,0.9043061849625751,,,,,,68761,6316.412767426304,194047.67500329847,215.447,50840949.57,,2600231904
1024,rr,2,1,2500000.0,True,3,False,0.257488990722956,22229,62.66852458500157,8.105363284732986,52.731,605.112,25734,324.201358475169,188.05878923885246,160.985,813.437,,3399577948
1024,rr,6,3,2500000.0,True,3,False,0.29033782976889727,66238,119.25156793683384,82.3120235370224,51.902,3453.739,77202,414.26553712339063,194.98691479643335,161.216,4582.185,,10052983685
1024,rr,1,1,2500000.0,True,4,False,0.3330935931210215,39038,66.48439341154773,29.274955046998198,48.701,229.744,34312,309.06700947190495,179.89121863278038,154.194,725.564,,1761468322
1024,rr,2,1,5000000.0,True,3,False,0.5160922186694848,56034,67.89413750580005,72.33211117223219,51.139,3138.651,51468,256.6413445441828,92.33048936523424,160.175,789.848,,2765376689
1024,rr,6,3,5000000.0,True,3,False,0.5686272624431058,166467,178.98320126511558,83.42242516159435,52.638,3426.598,154404,380.80666285847514,203.0724402573817,178.355,9339.086,,8169468487
1024,rr,1,1,5000000.0,True,3,False,0.6655828839131331,113694,66.54025693528243,29.149920407592205,48.519,396.874,51468,238.87140905028366,84.35118248481369,152.846,623.171,,650834510
1024,rr,6,2,10000000.0,True,3,False,0.7565345805055886,281521,193.0341118779771,91.77067815990318,60.795,1228.213,205866,425.53788372047836,455.76647848257,177.467,6243.131,,6873485465
1024,rr,2,3,2500000.0,True,3,False,0.7736035411838776,140006,224.6817608816765,63.83968212478527,68.845,634.231,77202,543.8879495220332,285.57199148962843,201.056,8444.865,,1841374873
1024,rr,1,3,2500000.0,True,3,True,0.9322625237,439454,2702805.09232367,411663.0042698302,1872948.179,3426042.43,72516,19525.320770064536,547.4654161262117,18000.11,23513.014,,88774457
1024,rr,1,1,20000000.0,True,3,True,0.9587875996666666,,,,,,73921,6473.454725260752,174.4403915166397,5981.302,8952.903,,153800172
1024,rr,1,1,10000000.0,True,3,True,0.9588556056166667,280161,21124728.707258385,1050929.7166658852,19171560.521,23055143.282,74035,6462.664252772337,226.22258833203657,5992.393,10322.329,,153800434
1024,rr,2,4,2500000.0,True,3,True,0.9722659382944311,229759,1434406.951302748,731964.4260835922,607265.151,3335296.156,98124,19560.686963709184,418.1531526975889,17997.808,26329.02,,1262796025
2048,edf,2,1,2500000.0,True,3,False,0.2079433107769845,30261,131.53270318231387,12.878222615466353,100.803,928.465,25734,460.3497431802285,299.2148068638427,267.48,1411.049,0.0,848648486
2048,edf,6,3,2500000.0,True,3,False,0.27638035195016214,51454,255.20746200489756,88.14260621607603,107.618,3246.135,77202,599.652106240771,328.90655178171613,207.787,9184.63,2.894039378615017e-06,1226067764
2048,edf,1,1,2500000.0,True,3,False,0.32666259604846576,58600,150.00707343003413,66.5243088651142,95.774,756.246,25734,377.6208526851636,273.9433328787963,174.856,1435.318,0.0,285941989
2048,edf,2,2,2500000.0,True,3,False,0.38707896378040657,68198,219.0357834833866,67.39969975499905,119.689,1847.858,51468,637.7469396518226,307.71336385651597,312.961,1675.927,0.0,383021378
2048,edf,6,3,5000000.0,True,3,False,0.5540149540548548,158449,321.26697372656184,85.84073642946167,124.69,3572.993,154404,585.9528898215073,189.8140319640038,216.987,5930.491,1.7861888034541044e-05,887158095
2048,edf,2,3,2500000.0,True,3,False,0.5876772812000001,155478,401.2424110034861,186.0183466200567,138.15,3264.823,77202,820.9344195746224,322.72327131527237,341.812,2518.686,0.0,157441753
2048,edf,1,1,5000000.0,True,3,False,0.6478802798500001,146484,149.22513930531665,66.04739014135144,94.529,491.521,51468,310.5462887036605,125.11799396970567,173.066,736.695,0.0,141975250
2048,edf,1,2,2500000.0,True,3,False,0.6564565642500001,146484,292.40240648125393,154.14742702146887,98.578,992.308,51468,469.6213430481076,289.28681125937175,176.775,1515.89,0.0,117655527
2048,edf,6,2,10000000.0,True,3,False,0.7262159443605966,341001,327.2506338339184,335.9892614556679,117.387,8156.356,205866,581.8208751809431,413.66057654365085,241.468,16341.022,0.0003400741073833307,983304089
2048,edf,6,4,5000000.0,True,3,False,0.7420712292722346,379055,561.9227743256256,642.3839822804696,139.746,9017.827,205872,947.4321330146886,1083.415832627473,282.88,23329.688,0.0003879672284210195,470544224
2048,edf,1,1,20000000.0,True,3,True,0.9479994732,,,,,,76357,4371.44576819414,253.9188546925672,3591.931,5697.043,0.061864091275165047,72976565
2048,edf,1,1,10000000.0,True,3,True,0.9524961224833334,292969,14835060.101451153,1930263.6419691734,11374123.209,18536238.345,76497,4343.030547093349,264.55498866964365,3468.677,5833.428,3.5399008777184225e-05,72115459
2048,edf,1,3,2500000.0,True,3,False,0.9550485810166666,219726,368696.4075171305,157886.45849922326,129037.843,698886.943,75875,2660.90032060626,683.9399258997843,1812.861,5632.831,0.0,24742535
2048,edf,2,2,5000000.0,True,3,True,0.9586712850357803,209870,1920146.3319988663,837460.6914999622,555714.98,2996386.292,98135,38381.00894041881,838.0577878181548,35823.941,47871.679,6.174877274314173e-06,375864296
2048,edf,6,3,10000000.0,True,3,True,0.9599296203666667,391730,8295825.0068215085,694263.3976285065,6943863.772,9682454.657,265283,10479.787416600386,1466.798274800867,4007.895,15807.055,0.003924380892246354,633753496
2048,rm,2,1,2500000.0,True,3,False,0.24991628712884087,10937,111.02329935082746,11.660133103902574,92.555,678.783,25734,431.8910491956167,295.1644315162938,250.669,1268.043,,3499208118
2048,rm,6,3,2500000.0,True,3,False,0.2802027628003348,32258,175.8982593465187,64.95685163904051,98.294,1468.988,77202,486.57967239190697,297.56195383928184,187.726,5268.879,,10328123562
2048,rm,1,1,2500000.0,True,3,False,0.3261858471324817,14585,181.3800010970175,72.43144534772105,118.914,935.134,25734,423.72059388357815,274.1353873828108,214.308,1374.146,,1347019822
2048,rm,2,2,2500000.0,True,3,False,0.5038182822845308,29132,222.74326723190998,99.56376166246272,119.789,1086.814,51468,585.2439511735447,306.4478693770376,254.459,1558.282,,2672511215
2048,rm,6,3,5000000.0,True,3,False,0.5540549001257232,81455,211.065351985759,79.88880825788517,96.919,3275.795,154404,448.1491987707572,173.74822882973902,184.406,7125.92,,8349267870
2048,rm,1,1,5000000.0,True,3,False,0.6382445244399134,53430,177.95562496724685,68.89679076615303,118.201,620.696,51468,355.36933321675605,125.72466984843001,212.146,1385.446,,688682035
2048,rm,1,2,2500000.0,True,3,False,0.6502543882853208,60798,491.7967222112569,199.75022423803793,217.218,2775.533,51468,734.3453236768478,365.2107244145502,321.261,7699.861,,624314874
2048,rm,6,2,10000000.0,True,3,False,0.7274397265499273,144200,453.8107236615811,1001.6909646528974,103.616,13305.741,205866,557.5626659768976,419.69245181103895,228.458,8346.802,,7123968078
2048,rm,6,4,5000000.0,True,3,False,0.741022871407908,140593,355.1907181865385,461.50321841742647,104.679,20442.462,205872,786.6339010890263,1639.0053740445148,232.528,38139.84,,7003375890
2048,rm,2,3,2500000.0,True,3,False,0.7537496974639937,74289,486.0569249552424,1242.49605572863,134.223,34698.628,77202,808.8946015906323,1112.0133733628402,260.63,41314.329,,1835686994
2048,rm,1,3,2500000.0,True,3,True,0.8323634554520073,,,,,,49018,14235.04702227753,14248.292327766378,303.171,40495.041,,895621281
2048,rm,1,1,10000000.0,True,3,True,0.8324903573518215,,,,,,66478,10302.814775444509,257.7054173797566,9628.595,12474.822,,527583194
2048,rm,1,1,20000000.0,True,3,True,0.8333177602936827,,,,,,66337,10324.64997621237,274.95714067636845,9598.384,12334.228,,527576502
2048,rm,2,2,5000000.0,True,3,True,0.9259979930878024,88122,5747613.236497095,5932299.49049208,125.64,14301107.132,90963,8096.048374075172,8175.8767242887125,345.002,22145.668,,1938350868
2048,rm,6,3,10000000.0,True,3,True,0.9550267251460851,152711,13715063.074314436,10698745.801002836,124.424,27731220.676,252744,4523.518940548539,9236.969442328369,281.609,294606.455,,6974183678
2048,rr,2,1,2500000.0,True,3,False,0.25105439985410777,11150,109.11042520179372,10.025550945302196,93.177,519.243,25734,430.8591557861196,295.0206858491152,249.708,1251.143,,3411346157
2048,rr,6,3,2500000.0,True,3,False,0.2825723768207215,33564,213.78806682755334,95.79489094077549,96.067,3049.159,77202,493.9848568301339,279.626761862798,183.726,2558.867,,10088729900
2048,rr,1,1,2500000.0,True,4,False,0.3273531375134183,19622,143.86417398838037,67.57904148226422,91.962,1047.353,34312,376.86384014339,274.11254411243624,170.176,1310.414,,1772685240
2048,rr,2,2,2500000.0,True,3,False,0.5054525332169225,30002,219.01830794613693,93.78350475296675,102.748,991.588,51468,543.4750710344292,306.85394092317085,279.07,1510.29,,2634286882
2048,rr,6,3,5000000.0,True,3,False,0.5614678010910084,84642,239.7874908674181,104.56745526941563,98.142,2282.01,154404,427.12084219320735,206.47527369586584,182.505,6198.14,,8171716224
2048,rr,1,1,5000000.0,True,3,False,0.641884062531314,56146,142.79414351868346,71.84298456327899,91.683,1229.296,51468,308.4708906116422,125.38548737337642,168.975,997.284,,652560784
2048,rr,1,2,2500000.0,True,3,False,0.6564470236115296,76691,253.5605920772972,146.3691405142294,93.38,704.509,51468,374.20948684619566,264.3737186975305,170.486,1142.497,,538986375
2048,rr,6,2,10000000.0,True,3,False,0.7325342163940034,144633,375.8842743910449,427.1678065405637,114.662,5343.049,205866,597.4210220288926,604.6576831917548,179.716,13993.904,,6862381191
2048,rr,6,4,5000000.0,True,3,False,0.7460723875153877,145832,451.6594834124197,130.22490284499122,118.747,3578.338,205872,661.0251649811535,407.65081347806387,226.548,13727.944,,6806084864
2048,rr,2,3,2500000.0,True,3,False,0.7578570413340883,75072,305.17506030210996,114.00882162074407,108.079,1248.38,77202,700.2969034221911,425.57024244383933,303.649,7646.219,,1777189818
2048,rr,1,3,2500000.0,True,3,False,0.9524079092833334,219726,401124.3512406589,203353.80830057064,65687.889,798152.637,74694,38361.73363948911,867.3765398921578,35363.157,41942.619,,4303150
2048,rr,1,1,20000000.0,True,3,True,0.9713441727666666,205220,43440124.62848864,3296098.0213723085,37308337.081,49599793.114,77286,12496.777593872113,329.22371003756297,11681.394,14557.581,,40205054
2048,rr,1,1,10000000.0,True,3,True,0.9727660159166667,292971,10477384.976140643,1765726.9078337983,7381729.696,13743277.769,77637,12441.313562592579,315.631976025414,11673.214,14113.487,,40207933
2048,rr,6,3,10000000.0,True,3,True,0.9816553539562901,,,,,,274529,10440.524198095647,1020.4571249855117,3874.241,21352.941,,5919702366
2048,rr,2,2,5000000.0,True,3,False,0.9823778023597555,126230,346077.09855810826,209112.93185081927,116722.435,748239.54,101756,19017.108759208302,435.1233986305841,17777.002,25046.046,,1460672854
4096,edf,2,1,2500000.0,True,3,False,0.20591780896787207,15159,226.65040055412626,20.874054616559267,182.554,1486.034,25734,644.2334480453875,439.672886765406,371.294,2542.066,0.0,844553817
4096,edf,6,3,2500000.0,True,3,False,0.2792943976435491,25565,450.12873338548803,170.402032014216,211.47,6232.364,77202,832.0306144659465,699.9671401902389,257.539,27472.849,0.0,1177891414
4096,edf,1,1,2500000.0,True,3,False,0.32220551475963793,30691,341.38427092633015,115.13439245996479,185.194,750.56,25734,511.2240493510531,409.35901184178437,207.277,2169.453,0.0,266216685
4096,edf,2,1,5000000.0,True,3,False,0.4422315805082014,44892,225.59746819032344,16.65928723809518,181.265,1045.023,51468,573.7167693906894,216.66507747913678,354.282,1534.851,0.0,596793442
4096,edf,6,3,5000000.0,True,3,False,0.552849702247673,86109,471.9039605383874,132.66640724594225,212.519,1827.932,154404,798.7711045698297,505.8700710899817,288.32,18329.61,1.3062265205782926e-06,770109751
4096,edf,2,3,2500000.0,True,3,False,0.5856102059500001,73242,629.4095738237622,253.47271204263848,234.22,2995.657,77202,1252.3334870081085,500.33500940085446,476.497,6040.884,0.0,110609172
4096,edf,1,1,5000000.0,True,3,False,0.6431551081,73242,340.2999087408864,115.12212043560271,181.884,730.352,51468,442.6955837413538,196.42445460424227,206.697,1228.021,0.0,106480282
4096,edf,6,2,10000000.0,True,3,False,0.7243880943666553,172235,549.2865378581589,237.28157542908713,239.912,3862.144,205866,885.5511726802873,495.9581018633888,337.001,12520.823,0.0001993414163333796,817024223
4096,edf,6,3,10000000.0,True,2,True,0.9669970505250001,242480,8049968.360358483,736357.4115530862,6668993.876,9399474.777,178496,21926.86845901309,1333.941366940483,8827.748,41565.554,0.0012735205280232688,310772314
4096,edf,1,1,10000000.0,True,3,True,0.9697745229,146484,4554715.574750779,1748967.2242337782,1447239.745,7692633.379,79042,8634.286985185092,424.3265088812984,6876.253,10224.906,8.166240589482226e-06,0
4096,edf,1,1,20000000.0,True,3,True,0.9703120215666666,292968,24117077.292729255,9289564.481738614,7978363.614,40313652.138,78937,8595.727259992145,448.7486671902356,6907.663,10605.509,0.09043072540897173,0
4096,edf,2,1,10000000.0,True,3,False,0.9714131102369211,97061,739066.0582696551,444306.35857266583,114910.724,1416769.336,100910,37364.17300524229,825.2432147538414,34743.195,49166.603,2.3556818684253825e-05,450335921
4096,edf,1,3,2500000.0,True,3,False,0.9719165942333335,109863,41724.73993795,34980.35696462803,556.214,126545.09,77157,5584.536127052633,1804.786988269396,617.381,12789.362,0.0,0
4096,rm,2,1,2500000.0,True,3,False,0.2502311108280392,5391,209.5914522352068,22.64709527267667,180.659,1241.874,25734,594.2026510064505,424.61145781506974,348.262,2236.675,,3498829790
4096,rm,6,3,2500000.0,True,3,False,0.2776057453017263,16207,363.3830080829271,137.83034677810605,187.532,3233.962,77202,699.2842027279086,443.65024179813656,223.817,5105.142,,10258869843
4096,rm,1,1,2500000.0,True,3,False,0.3210288880299003,7248,374.4275903697571,119.9376789500836,210.581,1753.231,25734,554.1100562291132,409.33772502806613,249.368,2098.671,,1346509082
4096,rm,2,1,5000000.0,True,3,False,0.494930004345636,13555,204.79952010328293,15.185283070936297,177.028,975.946,51468,524.5474339201057,203.35718495726397,341.561,1486.0,,2855013594
4096,rm,6,3,5000000.0,True,3,False,0.5587741200767451,41376,380.78430382347256,209.84221299329545,190.765,9265.388,154404,650.2564279681874,263.6748373615521,221.877,9504.31,,8259371831
4096,rm,1,1,5000000.0,True,3,False,0.6428946609221822,28259,373.9884899677979,119.30054785642234,208.336,984.459,51468,484.2550225188467,196.4847154443179,244.309,1260.291,,671991790
4096,rm,2,3,2500000.0,True,3,False,0.752912469826937,36810,699.2071066558,306.9600426450986,236.288,2522.927,77202,1211.9871474055078,1455.6789673728135,325.7,36512.985,,1830389574
4096,rm,6,2,10000000.0,True,3,False,0.7639501531842342,80912,506.2051654142772,259.8608248739216,245.269,8423.087,205866,776.1016602450138,481.97555685124723,319.841,20835.734,,6934964336
4096,rm,1,3,2500000.0,True,3,True,0.8661575467850016,16398,5787774.975491828,8189872.337878455,398.265,18367277.765,57461,24905.03688907259,69930.36497213885,450.925,928581.515,,545609690
4096,rm,1,1,20000000.0,True,3,True,0.8898375468833333,,,,,,71892,18882.816678100487,477.2758409040655,17380.527,21427.903,,266106601
4096,rm,1,1,10000000.0,True,3,True,0.8902566130333334,,,,,,72252,18788.846885940875,487.96652325795384,17313.835,21724.495,,266121315
4096,rm,2,1,10000000.0,True,3,False,0.9641671507358712,59347,431336.17669867055,329128.49616173346,92318.0,1148111.702,101141,13511.823476779942,346.4647674195391,12251.653,18097.802,,1659804277
4096,rm,6,3,10000000.0,True,3,True,0.9663753000406253,,,,,,254871,7940.313081233251,15533.9227948265,342.352,281454.783,,6631816514
4096,rr,2,1,2500000.0,True,3,False,0.2508317633883094,5551,208.04254999099263,34.56114790380676,179.506,1872.436,25734,590.476833216756,424.4910475735441,341.461,2266.277,,3440783923
4096,rr,6,3,2500000.0,True,3,False,0.2818028116627391,16719,381.45730426460915,109.53871833653638,192.858,2342.772,77202,651.7564615294941,438.99349073347054,226.979,8739.396,,9963213244
4096,rr,1,1,2500000.0,True,4,False,0.32672795462630067,9862,337.3997947677956,119.9786722295018,181.085,1220.436,34312,510.110530164374,409.41980402103184,204.667,2022.848,,1765032963
4096,rr,2,1,5000000.0,True,3,False,0.497566627729187,13920,203.3982101293103,15.138448416958243,173.541,1006.976,51468,520.8275265796224,202.94932722444875,338.371,1348.316,,2775173942
4096,rr,6,3,5000000.0,True,3,False,0.5580883235789657,43704,437.1107234806882,137.1960892385325,190.806,2892.332,154404,653.661095839486,521.9310125224458,231.408,16961.594,,7983328379
4096,rr,1,1,5000000.0,True,3,False,0.6433281861529787,29011,331.0118725655786,122.26776725027486,177.217,1435.636,51468,437.717505809435,196.64478428298162,201.216,1221.421,,654863389
4096,rr,6,2,10000000.0,True,3,False,0.7435271035177178,83499,634.0433092013078,886.6487466142522,230.889,14805.341,205866,812.9052837428229,633.1589235483066,314.961,11357.874,,6804049526
4096,rr,2,3,2500000.0,True,3,False,0.7598253335777692,37977,539.9996657187245,179.48030632931943,201.328,2127.284,77202,1099.8026518743038,468.0424051980198,453.906,3191.948,,1763730089
4096,rr,1,3,2500000.0,True,3,False,0.9585648190833335,109863,154619.41334201687,118832.76856578929,186.666,417167.022,76062,65111.51507313771,23359.769043734028,231.848,80705.307,,0
4096,rr,1,1,20000000.0,True,3,True,0.9744827819499999,292968,24157232.44658413,9245698.18848788,8043061.501,40304268.27,78664,24957.40776988203,593.9106928401116,23355.529,27571.5,,0
4096,rr,1,1,10000000.0,True,3,True,0.9745274477666666,146484,4587266.915686424,1773513.5810114783,1446273.121,7841480.234,78724,24938.54783250343,615.1147798178887,23271.376,28231.474,,0
4096,rr,2,1,10000000.0,True,3,False,0.984279264269171,65204,28496.94048875836,14518.777591277789,354.562,48343.484,102950,13381.874336338029,6798.686634239081,579.829,23696.371,,1558153796
4096,rr,6,3,10000000.0,True,3,True,0.9850704277720489,,,,,,271320,21256.834821896657,2055.6661369244484,7865.155,27833.32,,5930629030
